{
  "timestamp": "2025-12-19T18:05:35.128356",
  "model_performance": {
    "accuracy": 0.9993084370677732,
    "precision": 0.9993090561930482,
    "recall": 0.9993084370677732,
    "f1": 0.9993077250715163,
    "auc": 0.9999754764108332,
    "training_time": 1.483125925064087
  },
  "error_analysis": {
    "Normal": {
      "precision": 0.999104744852283,
      "recall": 1.0,
      "f1-score": 0.999552171965965,
      "support": 5580.0
    },
    "Drought": {
      "precision": 1.0,
      "recall": 1.0,
      "f1-score": 1.0,
      "support": 596.0
    },
    "Flood": {
      "precision": 1.0,
      "recall": 0.9969135802469136,
      "f1-score": 0.9984544049459042,
      "support": 324.0
    },
    "Heatwave": {
      "precision": 1.0,
      "recall": 0.9945205479452055,
      "f1-score": 0.9972527472527473,
      "support": 365.0
    },
    "Cold": {
      "precision": 1.0,
      "recall": 0.9945205479452055,
      "f1-score": 0.9972527472527473,
      "support": 365.0
    },
    "accuracy": 0.9993084370677732,
    "macro avg": {
      "precision": 0.9998209489704566,
      "recall": 0.9971909352274648,
      "f1-score": 0.9985024142834729,
      "support": 7230.0
    },
    "weighted avg": {
      "precision": 0.9993090561930482,
      "recall": 0.9993084370677732,
      "f1-score": 0.9993077250715163,
      "support": 7230.0
    }
  },
  "cross_validation": {
    "mean_f1": 0.996961241398633,
    "std_f1": 0.0009357559418335485,
    "fold_scores": [
      0.9965605620888575,
      0.9965235023958527,
      0.9958652708474398,
      0.9972378002600482,
      0.9986190714009664
    ]
  }
}