{
  "timestamp": "2025-12-19T03:43:54.331084",
  "model_performance": {
    "accuracy": 0.9975103734439834,
    "precision": 0.9975213076561196,
    "recall": 0.9975103734439834,
    "f1": 0.997512643646298,
    "auc": 0.9999664958927883,
    "training_time": 1.6238441467285156
  },
  "error_analysis": {
    "Normal": {
      "precision": 0.9987450699175332,
      "recall": 0.9980293801504837,
      "f1-score": 0.9983870967741936,
      "support": 5582.0
    },
    "Drought": {
      "precision": 0.9866666666666667,
      "recall": 0.9983136593591906,
      "f1-score": 0.9924559932942163,
      "support": 593.0
    },
    "Flood": {
      "precision": 0.9907407407407407,
      "recall": 0.9876923076923076,
      "f1-score": 0.9892141756548536,
      "support": 325.0
    },
    "Heatwave": {
      "precision": 1.0,
      "recall": 0.9972602739726028,
      "f1-score": 0.9986282578875172,
      "support": 365.0
    },
    "Cold": {
      "precision": 1.0,
      "recall": 0.9972602739726028,
      "f1-score": 0.9986282578875172,
      "support": 365.0
    },
    "accuracy": 0.9975103734439834,
    "macro avg": {
      "precision": 0.9952304954649881,
      "recall": 0.9957111790294375,
      "f1-score": 0.9954627562996595,
      "support": 7230.0
    },
    "weighted avg": {
      "precision": 0.9975213076561196,
      "recall": 0.9975103734439834,
      "f1-score": 0.997512643646298,
      "support": 7230.0
    }
  },
  "cross_validation": {
    "mean_f1": 0.9969649066003026,
    "std_f1": 0.0007084417425388067,
    "fold_scores": [
      0.9972418543560292,
      0.9972438679816226,
      0.997935900044866,
      0.9965524431902983,
      0.9958504674286967
    ]
  }
}