{
  "timestamp": "2025-12-17T00:45:57.308788",
  "model_performance": {
    "accuracy": 0.925,
    "precision": 0.8651315789473683,
    "recall": 0.925,
    "f1": 0.8923423423423426,
    "auc": 0.0,
    "training_time": 7.83951997756958
  },
  "error_analysis": {
    "Normal": {
      "precision": 0.5,
      "recall": 1.0,
      "f1-score": 0.6666666666666666,
      "support": 1.0
    },
    "Flood": {
      "precision": 0.0,
      "recall": 0.0,
      "f1-score": 0.0,
      "support": 3.0
    },
    "Cold": {
      "precision": 0.9473684210526315,
      "recall": 1.0,
      "f1-score": 0.972972972972973,
      "support": 36.0
    },
    "accuracy": 0.925,
    "macro avg": {
      "precision": 0.48245614035087714,
      "recall": 0.6666666666666666,
      "f1-score": 0.5465465465465466,
      "support": 40.0
    },
    "weighted avg": {
      "precision": 0.8651315789473684,
      "recall": 0.925,
      "f1-score": 0.8923423423423424,
      "support": 40.0
    }
  },
  "cross_validation": {}
}